epoch,loss
1,3.2617633923047764
2,3.060150088240445
3,3.0302237129609857
4,3.0031604936356975
5,2.9819554128964527
